text, user_id, len
Расписание репетиций на 2 мая:

Сербия — 10:00 
Австрия — 10:40 
Македония — 11:20 
Мальта — 12:00 
 
Румыния — 13:40 
Нидерланды — 14:20 
Венгрия — 15:00 
 
Дания — 16:00 
Ирландия — 16:40,-16785619,23
Краткий обзор вчерашнего и сегодняшнего дней. Все участники первого полуфинала завершили свои первые репетиции.,-16785619,14
Martina Bárta (Чехия),-16785619,3
Завершился второй день репетиций Евровидения 2017. Какая из них понравилась вам больше всего?,-16785619,13
Арцвик (Армения),-16785619,2
Первая репетиция Латвии!,-16785619,3
Первая репетиция Словении!,-16785619,3
Triana Park (Латвия),-16785619,3
Omar Naber (Словения),-16785619,3
Первая репетиция Армении!,-16785619,3
Hovig (Кипр),-16785619,2
Первая репетиция Кипра!,-16785619,3
Первая репетиция Чехии!,-16785619,3
Svala (Исландия),-16785619,2
Первая репетиция Исландии!,-16785619,3
Первая репетиция Молдовы!,-16785619,3
Первая репетиция Польши!,-16785619,3
Sunstroke Project (Молдова),-16785619,3
"В своей хореографии я буду использовать крылья, которые являются частью костюма, и ветродуи. Настоящая научная фантастика", — рассказывает Свала из Исландии о своём номере.,-16785619,23
Kasia Moś,-16785619,2
Первая репетиция Греции!,-16785619,3
,-16785619,0
Demy (Греция),-16785619,2
Молдавские представители обещают нам весёлое и забавное выступление, но подробности держут в секрете. Напомним, что ребята представляют Молдову на Евровидении уже второй раз после 2010 года!,-16785619,26
Камера... Мотор!,-16785619,2
Кася из Польши прибыла в арену в хорошем настроении, ей не терпится начать свою первую репетицию, так как после неё певица  будет чувствовать себя спокойнее. А вам нравится заявка Польши в этом году? Что ожидаете увидеть на сцене?,-16785619,38
Деми из Греции была первой, кто прибыл сегодня в арену. Певица чувствует больше приятное волнение, чем стресс перед своей первой репетицией. Уже сейчас начинается её выступление с песней This is love, открывая второй день репетиций Евровидения 2017. Доброе утро!,-16785619,39
Какая из сегодняшних репетиций заинтриговала вас больше всего?,-16785619,8
Завтра свои первые репетиции проведут остальные участники первого полуфинала: 

(по московскому и киевскому времени)
Греция — 10:00 
Польша — 10:40 
Молдова — 11:20
Исландия— 12:00

Чехия — 13:40
Кипр — 14:20
Армения — 15:00

Словения — 16:00
Латвия — 16:40,-16785619,32
Первая репетиция Португалии!

Из-за проблем со здоровьем участник Салвадор Собрал не может присутствовать на репетициях, он выступит на самом конкурсе. Сегодня вместо него опробовала конкурсную песню на сцене Евровидения его сестра Луиза, которая является автором композиции.,-16785619,36
Первая репетиция Азербайджана!,-16785619,3
Dihaj (Азербайджан),-16785619,2
Первая репетиция Финляндии!,-16785619,3
Slavko Kalezić (Черногория),-16785619,3
Первая репетиция Черногории!,-16785619,3
Dihaj: "Вы никогда не видели ничего подобного от Азербайджана!"

Представительница Азербайджана Dihaj готова к первой репетиции. Свой номер певица описывает как "интересный, модный, мрачный и эмоциональный". Вдохновение исполнительница находит в своей профессии вокалистки, идеальной команде и своей семье!,-16785619,38
Norma John (Финляндия),-16785619,3
Первая репетиция Бельгии!,-16785619,3
Линдита (Албания),-16785619,2
Первая репетиция Австралии!,-16785619,3
Славко из Черногории чувствует "потрясающую энергию"! 

Славко рад быть в Киеве, ему не терпится встретиться с другими участниками, с которыми он познакомился во время вечеринок. А вы ждете его репетицию? Что ожидаете увидеть?,-16785619,33
Первая репетиция Албании!,-16785619,3
Закулисье с Линдитой (Албания)

— Я долетела благополучно, я очень рада здесь быть. Я надеюсь, что наша репетиция сегодня пройдет хорошо. И мне не терпится увидеть выступления других участников тоже. Я готова веселиться!

— Мы работали очень усердно, чтобы наше выступление было достойным. Пока что все отлично, надеюсь, что на сцене все будет звучать так же хорошо. Все, что я могу сказать, — я буду в белом. Я считаю, что это очень спокойный цвет, он придает элегантности и стиля. И я решила, что для своей баллады я надену что-то стильное, что будет также символизировать любовь, мир и единство. 

— Моя песня о равенстве всех людей. Слоган этого конкурса "Уважайте многообразие" предполагает то, что мы должны любить друг друга такими, какие мы есть, не пытаясь изменить ничего в другом человеке. У каждого из нас своя национальность, религия, раса, так что мы должны любить и принимать друг друга.,-16785619,142
Isaiah (Австралия),-16785619,2
Бельгийская участница Бланш хочет поскорее увидеть сцену Евровидения!

"Я так счастлива быть здесь, я в первый раз в Украине", — говорит исполнительница. Бланш хочет хорошо провести время и планирует посетить Одессу в ближайшие дни.,-16785619,33
"Нужно было многое учесть: новую сцену, работу камер. Но я думаю, что все прошло хорошо", — рассказывает Робин о своей первой репетиции. Вторая репетиция Швеции состоится в четверг, а 9 мая исполнитель откроет первый полуфинал. Цель Робина — выйти в финал и попасть в топ-5!,-16785619,43
Первая репетиция Грузии!,-16785619,3
Тамара из Грузии полна сюрпризов: певица не желает раскрывать секретов номера и говорить о своем костюме, но намерена побеждать!,-16785619,19
Закулисье с Робином

— Мы прибыли сюда вчера и, я думаю, мы готовы к первой репетиции. 

— Что Вы ожидаете от сегодняшнего дня?
— Я просто надеюсь, что все будет работать как положено: камеры, беговые дорожки. Я не знаю, чего ожидать, мы еще не видели саму арену, еще во многом предстоит разобраться. Пока что все выглядит очень хорошо!

— Хм, как бы я описал свой номер... Я думаю, это крутое выступление, нечто, чего мы еще не видели на Евровидении. Мы начинаем номер за кулисами... И беговые дорожки — это нечто достаточно запоминающееся, я думаю. И все это удачно сочетается с песней. Да, я считаю, все это выглядит круто. И я рад, что мои танцоры со мной. Это что-то новое на Евровидении, и это здорово!,-16785619,119
Тамара Гачечиладзе (Грузия),-16785619,3
Первая репетиция Швеции!,-16785619,3
Секрет успеха Линдиты Халими из Албании в усердной работе!

Линдита по прибытии в арену настроена очень оптимистично: "Мы очень усердно работали, чтобы сделать наше выступление достойным. И сейчас всё просто великолепно". Певица рада впервые побывать в Украине и ей не терпится познакомиться со всеми остальными участниками.,-16785619,46
Robin Bengtsson (Швеция),-16785619,3
Исайе из Австралии не терпится начать свою репетицию!

Исайя благополучно долетел из Австралии в Украину и сейчас готов к репетициям на сцене Евровидения: "У нас замечательная команда, мы все очень взволнованы, поддерживаем друг друга и готовы повеселиться!",-16785619,37
Тамара Гачичеладзе (Грузия): "Я здесь ради победы!"

Участница исполнит свою песню "Keep The Faith". За кулисами певица была в хорошем настроении: "Я так взволнована и счастлива быть здесь. Я во второй раз в Украине!",-16785619,34
Робин Бенгтссон (Швеция) готовится к первой репетиции: "У меня была возможность прорепетировать свой номер лишь один раз с тех пор, как я победил на  Мелодифестивалене. Надеюсь, что все вспомню!",-16785619,29
В Твиттере были разработаны emoji эксклюзивно для Евровидения! 

С сегодняшнего дня при отправки хэштегов #eurovision и #ESC2017 в твите появится сердце, которое уже с давних пор является символом конкурса. 

В день открытия конкурса и красной ковровой дорожки, 7 мая, при отправки хэштега  со слоганом предстоящего конкурса #CelebrateDiversity в твите появится логотип Евровидения 2017. 

А во время самих шоу вы можете рассказать всем, кому бы вы отдали высший балл! Отправьте хэштег #12points или #douzepoints и увидите главный приз Евровидения.,-16785619,78
Добро пожаловать в Киев!
Первые фотографии арены и пресс-центра.,-16785619,9
Манель Наварро из Испании описал бы свою песню как "крутую, свежую и веселую", как гимн любви. Исполнитель хотел бы спеть дуэтом с Люси Джоунс, которая представляет Великобританию в этом году, так как ему нравится ее голос и музыка. 

Манель уже побывал в Киеве в этом году, ему понравилась еда и дружелюбный народ. Певец может сказать только хорошее об этом городе, и ему не терпится снова приехать в Украину.,-16785619,68
Украина приглашает всех на Евровидение 2017!
Конкурс состоится 9, 11 и 13 мая.,-16785619,13
Интервью с Франческо Габбани (Италия)

— Моя песня о том, как жители Запада подражают жителям Востока в попытке достижения душевной гармонии. Но в конце концов мы понимаем, что мы всего лишь "голые обезьяны", как говорит Десмонд Моррис. 

— То, что я являюсь фаворитом, не оказывает на меня особого давления. На самом деле я очень рад, это дает мне еще больше сил для конкурса. 

— Если я одержу победу, то я точно позвоню первому человеку, которому позвонил после Санремо, — маме!

— После Евровидения я планирую продолжать продвигать свой новый альбом Magellano, который будет выпущен в конце апреля не только в Италии, но и по всей Европе. Кроме того, я начну свой гастрольный тур. Конечно, он стартует в городах Италии, но потом я бы хотел дать концерты и в других странах Европы! 

— Идея с гориллой на сцене была направлена на создание визуальной отсылки к концепции Десмонда Морриса, о которой поется в самой песне, и это важно. Танец я придумал сам. Я подумал, что хореография должна быть очень простой, чтобы каждый смог ее повторить.,-16785619,167
"Всегда следуй за мечтой, всегда слушай своё сердце" — таков девиз швейцарской группы Timebelle, которая исполнит в Киеве свою песню Apollo. Мечта ребят заниматься музыкой и иметь возможность выступить на Евровидении исполнилась, чему они несказанно рады.,-16785619,35
Левина представит Германию с песней Perfect Life. Исполнительница до сих пор вспоминает свою победу на национальном отборе, когда она с обеими песнями вышла в суперфинал и не могла поверить, что уже точно едет в Киев. Левина поёт с малых лет, музыка является не только её профессией, но и всей жизнью. Также певица вспоминает Евровидение 2010, когда выиграла её соотечественница Лена, и с нетерпением ждёт момента, когда сама выступит на сцене Евровидения.,-16785619,71
Сербская участница Тияна Богичевич принимает участие в конкурсе уже не в первый раз. В 2011 году она выступала на Евровидении в качестве бэк-вокалистки в номере Нины. Тияна поёт уже с давних пор, даже не может припомнить, когда захотела стать певицей. 

Исполнительца считает свою конкурсную композицию типичной песней о любви, о всем, через что проходит каждая женщина. Если была бы возможность, Тияна спела бы в дуэте с Уитни Хьюстон, Майклом Джексоном, Тиной Тернер.,-16785619,72
Участники конкурса уже отправляются в Киев. Что же берет с собой чешская участница?,-16785619,13
Уже завтра стартуют репетиции Евровидения 2017!,-16785619,6
Евровидение во второй раз будет транслироваться в США!

"Logo" будет транслировать финал конкурса, который состоится 13 мая. Исполнительный супервайзер Евровидения Йон Ола Санд рад, что фанаты конкурса в США смогут присоединиться к европейской публике уже второй год подряд.,-16785619,38
Участникам Евровидения задали несколько вопросов. А как бы на них ответили Вы?

Кто самый красивый участник этого года?
Кто самая красивая участница этого года?
Кто из участников настоящая дива?
Кто из участников лучше всех умеет веселиться?,-16785619,36
Интервью с участником из Швеции

— "I Can't Go On" не посвящена конкретному человеку. Я бы сказал, это просто игривая песня для флирта, которую мне нравится петь, но я не думаю ни о чем конкретном, когда пою её, честно говоря. 
 
— У Вас такая непростая хореография. У кого появилась такая идея и кто помогал Вам её ставить? 
 
— Сайен, он работал со многими шведскими артистами, он профессиональный танцор. У него появилась идея использовать беговые дорожки, а я предложил идею начать своё выступление за кулисами. В итоге мы их соединили, и вот что получилось. Он также много помогал мне с танцевальными движениями. 
 
— Кто-нибудь из артистов давал Вам советы? 
 
— Робин, который является одним из авторов моей песни. Мы с ним хорошие друзья. Когда он представлял Швецию на Евровидении, это был год после участия Лорин, конкурс проходил в Швеции, так что я думаю это не совсем одно и то же. Однако я думаю, что во всяком случае я хорошо подготовлен к конкурсу. 
 
— Если Вы победите, кому Вы сначала позвоните? 
 
— Я не знаю, думаю, что мне не придётся звонить никому, так как многие мои знакомые будут со мной в зале в этот момент. Думаю, что наоборот больше будут мне звонить.,-16785619,193
Некоторым участникам этого года были заданы вопросы для того, чтобы узнать, насколько хорошо они разбираются в конкурсе!,-16785619,17
#OGAE_voting@eurovisionsongcontest: ОГАЕ клубы из Андорры, Греции, Сербии, Великобритании, Бельгии, Б.Ю.Р. Македонии и Израиля опубликовали свое голосование! #Andorra #Greece #Serbia #UnitedKingdom #Belgium #FYRMacedonia #Israel #Eurovision #CelebrateDiversity,-16785619,25
#Eurovision_duel@eurovisionsongcontest: Сегодня в нашем сообществе подошла к концу ежегодная рубрика дуэлей, в которой мы сравнивали 2 песни от определенной страны, начиная с 15 марта. В этом году мы выбирали между песнями 42 стран.
 
Со счетом 22:20 побеждает 2016 год! Отрыв незначительный, а значит в этом году песни ничуть не хуже предыдущего! Возможно, после конкурса в Киеве мы посмотрим на песни по-новому!

#Eurovision #ComeTogether #CelebrateDiversity,-16785619,64
#Eurovision_duel@eurovisionsongcontest #Ukraine 
2016 - 22 : 20 - 2017 
 
Песней-победительницей в дуэли Украины становится '1944'! #Eurovision #CelebrateDiversity,-16785619,14
Премьера клипа представителей Румынии!,-16785619,4
#Eurovision_duel@eurovisionsongcontest: По традиции каждый сезон дуэлей завершает страна-хозяйка конкурса. В этом году Европу будет принимать у себя Украина! Остаются считанные дни до момента приезда первых делегаций на музыкальный праздник в Киев! Мы все ждем этого события и надеемся, что Украина и Киев подарят нам огромное количество положительных эмоций и три великолепных шоу!

А пока давайте сделаем выбор: 1944 или Time? Jamala или O. TORVALD? #Ukraine #Eurovision #CelebrateDiversity,-16785619,67
#Eurovision_duel@eurovisionsongcontest #France 
2016 - 21 : 20 - 2017 
 
Во французской дуэли победу одерживает конкурсная песня 2016 года - 'J'ai Cherché'! #Eurovision #CelebrateDiversity,-16785619,19
#OGAE_voting@eurovisionsongcontest: Фанаты из Исландии, Албании и Италии опредилилсь с фаворитами! #Iceland #Albania #Italy #Eurovision #CelebrateDiversity,-16785619,15
#Eurovision_duel@eurovisionsongcontest: Чья песня вам нравится больше? Amir'a или Alma? Время сделать выбор! #France #Eurovision #CelebrateDiversity,-16785619,15
#Eurovision_duel@eurovisionsongcontest #Germany 
2016 - 20 : 20 - 2017 
 
По мнению большинства участников нашего сообщества в дуэли Германии победительницей становится Jamie-Lee Kriewitz с песней 'Ghost'. #Eurovision #CelebrateDiversity,-16785619,24
#OGAE_voting@eurovisionsongcontest: ОГАЕ Ирландии, Эстонии, Азербайджана и Германии представили свои десятки лидеров! #Ireland #Estonia #Azerbaijan #Germany #Eurovision #CelebrateDiversity,-16785619,17
#Eurovision_duel@eurovisionsongcontest: Стартует дуэль между песнями Германии! Ghost или Perfect Life? #Germany #Eurovision #CelebrateDiversity,-16785619,13
#Eurovision_duel@eurovisionsongcontest #Armenia 
2016 - 19 : 20 - 2017 
 
Песней-победительницей в дуэли Армении становится 'LoveWave'! #Eurovision #CelebrateDiversity,-16785619,14
#OGAE_voting@eurovisionsongcontest: Еще 3 OGAE-клуба проголосовали! Встречайте голосование от фанатов из Португалии, Норвегии и Остального мира! #Portugal #Norway #RestoftheWorld #Eurovision #CelebrateDiversity,-16785619,20
Заявка какой северной страны в этом году вам нравится больше всего?,-16785619,11
Участник из Австралии ответил на 10 вопросов: 

1. Зима или лето? — Зима.
2. Отдых на пляже или в городе? — На пляже.
3. Любимое  блюдо? — Пицца.
4. Есть домашние питомцы? — У меня есть немного рыбок и собака.
5. Ветродуй или фейерверки? — Фейерверки.
6. Утро или ночь? — Ночь.
7. Что больше всего нравится в Австралии? — Народ.
8. Любимый фильм? — Что угодно из Диснея. 
9. Куда нравится ездить отдыхать? — Америка.
10. Веджимайт (густая паста тёмно-коричневого цвета на основе дрожжевого экстракта, национальное блюдо Австралии). Да или нет? — Да.,-16785619,84
В каком другом жанре участники Евровидения исполнили бы свои конкурсные песни?,-16785619,11
Валентина Монетта в четвёртый раз представляет Сан-Марино на Евровидении, в этот раз она споет в дуэте с Джимми Уилсоном. Среди любимых песен конкурса артисты называют заявку Италии 1975 года и "Euphoria" в исполнении Loreen. Валентина владеет итальянским и английским, а Джимми английским и немецким языком. Артисты спели бы в дуэте с такими исполнителями, как Майкл Джексон и Лайонел Ричи. Что Вы думаете о заявке Сан-Марино в этом году? Хотели ли бы Вы видеть Валентину на Евровидении в пятый раз?,-16785619,79
#Eurovision_duel@eurovisionsongcontest: LoveWave или Fly With Me? Какая заявка от Армении вам больше импонирует? #Armenia #Eurovision #CelebrateDiversity,-16785619,16
#Eurovision_duel@eurovisionsongcontest #Poland 
2016 - 18 : 20 - 2017 
 
В польской дуэли победу одерживает конкурсная песня 2016 года - 'Color of Your Life'! #Eurovision #CelebrateDiversity,-16785619,21
#OGAE_voting@eurovisionsongcontest: OGAE Румынии, Мальты и Дании выбрали свою десятку лидеров! #Romania #Malta #Denmark #Eurovision #CelebrateDiversity,-16785619,15
Уже совсем скоро, 30 апреля, стартуют первые репетиции Евровидения 2017 в Киеве! Сам конкурс пройдёт 9, 11 и 13 мая.,-16785619,20
,-16785619,0
Многие участники Евровидения 2017 уже успели послушать песни друг друга. Какую из них они спели бы?,-16785619,16
#Eurovision_duel@eurovisionsongcontest: Чья песня вам нравится больше? Michal Szpak или Kasia Moś? Время сделать выбор! #Poland #Eurovision #CelebrateDiversity,-16785619,17
#Eurovision_duel@eurovisionsongcontest #Bulgaria 
2016 - 17 : 20 - 2017 
 
По мнению большинства участников нашего сообщества в дуэли Болгарии победительницей становится Poli Genova с песней 'If Love Was A Crime'. #Eurovision #CelebrateDiversity,-16785619,28
#OGAE_voting@eurovisionsongcontest: Фанаты из ОГАЕ Кипра и Латвии опубликовали свое голосование! #Cyprus #Latvia #Eurovision #CelebrateDiversity,-16785619,14
#Eurovision_duel@eurovisionsongcontest: Настало время Болгарии: If Love Was A Crime или Beautiful Mess? Делайте выбор! #Bulgaria #Eurovision #CelebrateDiversity,-16785619,17
#Eurovision_duel@eurovisionsongcontest #Norway 
2016 - 16 : 20 - 2017 
 
Песней-победительницей в дуэли Норвегии становится 'Icebreaker'! #Eurovision #CelebrateDiversity,-16785619,14
#Eurovision_duel@eurovisionsongcontest: Стартует дуэль между песнями Норвегии! Icebreaker или Grab The Moment? #Norway #Eurovision #CelebrateDiversity,-16785619,14
#Eurovision_duel@eurovisionsongcontest #Slovenia 
2016 - 15 : 20 - 2017 
 
В словенской дуэли победу одерживает конкурсная песня 2017 года - 'On My Way'! #Eurovision #CelebrateDiversity,-16785619,20
Ведущие отвечают на вопросы фанатов конкурса!,-16785619,6
#OGAE_voting@eurovisionsongcontest: ОГАЕ Литвы и Австралии опредились со своими лидерами! #Lithuania #Australia #Eurovision #CelebrateDiversity,-16785619,13
#Eurovision_duel@eurovisionsongcontest: Blue and Red или On My Way? Какая заявка от Словении вам больше импонирует? #Slovenia #Eurovision #CelebrateDiversity,-16785619,18
#Eurovision_duel@eurovisionsongcontest #SanMarino 
2016 - 15 : 19 - 2017 
 
По мнению большинства участников нашего сообщества в дуэли Сан-Марино победителями становятся Valentina Monetta & Jimmie Wilson с песней 'Spirit Of The Night'. #Eurovision #CelebrateDiversity,-16785619,29
#OGAE_voting@eurovisionsongcontest: ОГАЕ клубы из Нидерландов и Испании присоединяются к голосованию! #theNetherlands #Spain #Eurovision #CelebrateDiversity,-16785619,14
#Eurovision_duel@eurovisionsongcontest: Чья песня вам нравится больше? Serhat'a или Valentina Monetta & Jimmie Wilson? Время сделать выбор! #SanMarino #Eurovision #CelebrateDiversity,-16785619,18
#Eurovision_duel@eurovisionsongcontest #Iceland 
2016 - 15 : 18 - 2017 
 
Песней-победительницей в дуэли Исландии становится 'Hear Them Calling'! #Eurovision #CelebrateDiversity,-16785619,16
#OGAE_voting@eurovisionsongcontest: Опубликованы результаты голосования ОГАЕ клубов Хорватии, Словакии и Армении! #Croatia #Slovakia #Armenia #Eurovision #CelebrateDiversity,-16785619,15
#Eurovision_duel@eurovisionsongcontest: Настало время Исландии: Hear Them Calling или Paper? Делайте выбор! #Iceland #Eurovision #CelebrateDiversity,-16785619,14
#Eurovision_duel@eurovisionsongcontest #Malta 
2016 - 14 : 18 - 2017 
 
В мальтийской дуэли победу одерживает конкурсная песня 2016 года - 'Walk On Water'! #Eurovision #CelebrateDiversity,-16785619,20
#OGAE_voting@eurovisionsongcontest: Венгерский, чешский и швейцарский ОГАЕ-клубы также определились с лидерами! #Hungary #CzechRepublic #Switzerland #Eurovision #CelebrateDiversity,-16785619,15
#OGAE_voting@eurovisionsongcontest: Еще три фан-сообщества выставили свои баллы! #Luxembourg #Finland #Slovenia #Eurovision #CelebrateDiversity,-16785619,12
#OGAE_voting@eurovisionsongcontest: Голосование ОГАЕ клубов идет полным ходом! Фанаты из Франции, Украины и Беларуси уже выбрали свою десятку лидеров! #France #Ukraine #Belarus #Eurovision #CelebrateDiversity,-16785619,23
Чего ожидать от Киева?,-16785619,4
#Eurovision_duel@eurovisionsongcontest: Стартует дуэль между песнями Мальты! Walk on Water или Breathlessly? #Malta #Eurovision #CelebrateDiversity,-16785619,14
#Eurovision_duel@eurovisionsongcontest #Moldova
2016 - 13 : 18 - 2017 
 
По мнению большинства участников нашего сообщества в молдавской дуэли победителями становятся Sunstroke Project с песней 'Hey Mamma'. #Eurovision #CelebrateDiversity,-16785619,25
В своем профильном видео хорватский представитель Jacques Houdek ответил на вопросы поклонников.

— Опишите свою песню тремя словами.
--Гимн, прославляющий жизнь.

— Какие языки Вы знаете?
— Хорватский, английский и немного говорю на немецком.

— Как долго уже Вы поете?
— Сколько себя помню.

— С кем Вы мечтаете спеть дуэтом?
— Я бы хотел спеть со многими артистами, но если надо выбрать одного, то это Мэрайя Кэри.

— Какая у Вас любимая песня на Евровидении?
— О Боже, их так много... Первая, которая приходит на ум, — "Love Shine A Light", еще мне нравится "Molitva" Марии Шерифович, "Euphoria" Лорин, "Hold Me Now" Джонни Логана. 

— О чем Ваша песня?
— Моя песня называется "My Friend" (Мой друг), очевидно, она о дружбе и важности друзей в жизни. Как говорится, друзья — это семья, которую мы выбираем. Эта песня празднует саму жизнь и каждый новый день как возможность сделать что-то хорошее и самосовершенствоваться.,-16785619,139
#Eurovision_duel@eurovisionsongcontest: Falling Stars или Hey Mamma? Какая заявка от Молдовы вам больше импонирует? #Moldova #Eurovision #CelebrateDiversity,-16785619,16
#Eurovision_duel@eurovisionsongcontest #Greece 
2016 - 13 : 17 - 2017 
 
Песней-победительницей в дуэли Греции становится 'This Is Love'! #Eurovision #CelebrateDiversity,-16785619,16
Новости из Киева: все о сцене Евровидения 2017,-16785619,8
Еще одну балладу под названием Dying to Try исполнит в этом году Брендан Мюррей из Ирландии. Когда Брендану было 16 лет, перед ним встал выбор: заниматься спортом или же музыкой, и Брендан выбрал последнее. В конкурсной песне поется о том, что нет никаких гарантий, что все получится и отношения будут идеальными, но всегда стоит попытаться. Когда Брендан услышал песню впервые, он понял, что это то, что надо. Когда песню дали послушать маме певца, она прослезилась, это было хорошим знаком. А нравится ли Вам заявка Ирландии в этом году?,-16785619,88
"Я услышал эту песню и подумал, что она очень красивая, простая, ее легко петь, потому что она мне что-то рассказывает", — говорит Салвадор Собрал, участник от Португалии.

Сестра Салвадора, Луиза, автор конкурсной песни: "Когда мне предложили написать песню, я сразу же подумала о своем брате, потому что мы вместе выросли и я очень хорошо знаю его голос. Я уже писала песни для Салвадора раньше, и это дается мне легко. Эта песня повествует о двух людях, которые раньше были парой, но теперь девушка не любит парня. И лирический герой говорит, что его любовь настолько велика, что он может любить за них обоих".,-16785619,100
Познакомьтесь ближе с Клаудией Фаниелло из солнечной Мальты! Исполнительница представит свою страну с балладой "Breathlessly", которую описывает как "эмоциональную, настоящую и захватывающую дух". Клаудия также рассказывает о том, что с давних пор является поклонницей группы HIM и хотела бы спеть вместе с ними. В блиц-опросе певица предпочла лето зиме, отдых на пляже городу, балладу танцевальным песням (к чему вообще такой вопрос), а из кино или театра Клаудия не выбрала ничего и предпочла езду на автомобиле.,-16785619,75
Йоци Папай — первый цыган на Евровидении, представляющий Венгрию. Песня Origo — это своего рода заявление, а также краткий пересказ жизни самого исполнителя. Йоци сам написал как музыку, так и текст песни, стараясь рассказать в ней о своей боли, трудностях и радостях, о своей любви к Богу и музыке.,-16785619,47
#Eurovision_duel@eurovisionsongcontest: Чья песня вам нравится больше? Argo или Demy? Время сделать выбор! #Greece #Eurovision #CelebrateDiversity,-16785619,15
#Eurovision_duel@eurovisionsongcontest #Denmark 
2016 - 13 : 16 - 2017 
 
В датской дуэли победу одерживает конкурсная песня 2017 года - 'Where I Am'! #Eurovision #CelebrateDiversity,-16785619,20
Первый канал заявляет, что в связи с невозможностью урегулирования ситуации с допуском Юлии Самойловой на территорию Украины, Россия не примет участия и не будет транслировать Евровидение 2017.

Посмотреть трансляцию конкурса россиянам можно будет на YouTube или на вещателе любой другой страны-участницы.,-16785619,41
Песня Свалы из Исландии называется "Paper" (Бумага), в ней поётся о трудностях, которые встречаются на жизненном пути и о их преодолении. Бумага в данном случае выступает в качестве метафоры для чувств. По словам исполнительницы, трудности в жизни заставляют её чувствовать такой же уязвимой и хрупкой, как бумага. Свала очень благодарна за возможность представить свою страну и приглашает всех посетить прекрасную Исландию!,-16785619,61
Познакомьтесь ближе с австралийским участником по имени Isaiah, 17-летним исполнителем, выросшим в маленьком городке. Isaiah уже с давних пор является поклонником Евровидения и очень счастлив представлять свою страну на этом конкурсе. Любимыми еврозаявки певца — песни Кончиты Вурст и Дами Им. Кстати Isaiah никогда раньше не бывал в Европе, желаем ему удачи!,-16785619,51
В прошлом году сцена имела мужской характер, выраженный в четких, прямых линиях и углах, в этом же году организаторы придали сцене женственность, которой соответствуют мягкие, обтекаемые формы.,-16785619,27
#Eurovision_duel@eurovisionsongcontest: Настало время Дании: Soldiers of Love или Where I Am? Делайте выбор! #Denmark #Eurovision #CelebrateDiversity,-16785619,16
#Eurovision_duel@eurovisionsongcontest #Latvia
2016 - 13 : 15 - 2017 
 
По мнению большинства участников нашего сообщества в латвийской дуэли победителем становится Justs с песней 'Heartbeat'. #Eurovision #CelebrateDiversity,-16785619,23
Сооружение сцены Евровидения 2017 идет полным ходом!,-16785619,7
Встречайте Яну Бурческу из Б.Ю.Р. Македонии!,-16785619,6
#Eurovision_duel@eurovisionsongcontest: Стартует дуэль между песнями Латвии! Heartbeat или Line? #Latvia #Eurovision #CelebrateDiversity,-16785619,12
#Eurovision_duel@eurovisionsongcontest #theNetherlands 
2016 - 12 : 15 - 2017 
 
Песней-победительницей в дуэли Нидерландов становится 'Slow Down'! #Eurovision #CelebrateDiversity,-16785619,15
ЭСТОНИЯ: Koit Toome & Laura (Койт Тоомэ и Лаура) — одни из знаменитейших поп артистов в Эстонии, вернувшиеся на Евровидение. Койт представлял Эстонию в 1998 году в то время, как Лаура выступала в 2005 в Киеве, как часть состава группы Suntribe. Песня этого года имеет название "Verona" и описана, как современная интерпретация сюжета Ромео и Джульетты. 

Автором песни является Sven Lõhmus (Свен Лыхмус), чья поездка в Верону вдохновила на написание данной песни. Ему уже приходилось работать с Койтом и Лаурой, но впервые артисты выступают дуэтом.

В 1998 Койт занял 12-ое место с песней "Merelapsed". С тех пор он выпустил 5 альбомов, одержал победу в эстонском варианте шоу Танцы со Звёздами. А также за последние годы Койт смог насладиться удачей в мире музыкального театра.

Слава пришла к Лауре в 2005 году, когда она выступала в составе группы Suntribe в Киеве. После этого она не мало раз принимала участие в отборе Эстонии: 2007 год с песней "Sunflowers", 2009 год с песней "Destiny", а также в прошлом году, заняв 2-ое место, с песней "Supersonic". За свою карьеру Лаура выпустила 3 альбома и немало синглов. На данный момент Лаура является главой Джазового Союза Эстонии.

Лаура и Койт давно мечтали вернуться на Евровидение, и, спустя десятилетие, они наконец-то нашли песню и команду, с которыми мечта воплотилась в реальность.

#ESCparticipants@eurovisionsongcontest,-16785619,212
Ранее на нашем сайте была размещена информация о Российской вечеринке Евровидения, которая должна была состояться 21 апреля. Сообщаем вам, что мероприятие отменено! Таким образом, вечеринка в Испании 15 апреля станет последней среди концертов для фанатов в этом сезоне!,-16785619,38
ИСЛАНДИЯ: Svala (Свала) — певица и композитор, удостоенная многих наград, а также большая знаменитость у себя на родине. Она является дочерью известной поп-звезды по имени Bo Halldorsson. Свала оказала значительное влияние на исландскую музыку как только начала свою карьеру, и сейчас на ее счету уже множество хитов. 
 
В 1999 году Свала подписала контракт с крупнейшим американским лейблом EMI, чего до тех пор еще никто не добивался из исландских артистов. Ее первый сингл The Real Me попал в 30-ку лучших в чарте Billboard в 2001 году в США, что отметило начало карьеры Свалы также как композитора и автора текстов. 
 
В 2006 году Свала создала группу Steed Lord, которая добилась ошеломляющего успеха на международном уровне. Свала и ее группа гастролировали с концертами по всему миру: по Европе, Северной Америке, а также совсем недавно исполнители выступили на Гей-Прайде в Сан-Франциско и Копенгагене перед 50 000 человек. Ее музыку можно услышать в многочисленных телешоу и фильмах Северной Америки, а ее знаменитые видеоклипы, которые Свала снимала со своим мужем, оказали существенное влияние на музыкальный мир. 
 
Свала является одним из четырех главных членов жюри в исландском Голосе и уже получила высокую оценку за свою работу в одном из известнейших телешоу в мире. Однако Свала блистает не только в качестве исполнительницы и автора песен, но также является популярной иконой стиля, и в 2007 году она выпустила свою линию одежды в H&M. 
 
Новый проект Свалы "Blissful" (дуэт со своим мужем) уже завоевал мировое внимание после выпуска сингла Elevate прошлой осенью. Заявка Свалы на Евровидение — очень личная песня для нее самой, которая повествует о преодолении трудностей в жизни. 
 
— Что самое интересное в Вашей заявке? 
— Это очень личная песня для меня, я написала ее, основываясь на своем опыте. У всех людей в жизни бывают трудности, так что многие смогут понять, что я хочу сказать своей песней. Когда мы написали "Paper", мы не сразу поняли, что получилось нечто вроде гимна, и мы решили, что Евровидение было бы отличной площадкой для ее исполнения. Кроме того, со мной будут выступать несколько человек из потрясающего церковного хора. 
 
— Назовите несколько впечатляющих фактов о себе. 
— Начала петь в 7 лет. Являюсь членом жюри Голоса Исландии. Выступала в качестве хэдлайнера на Гей-Прайде в Сан-Франциско и многих других городах, гастролировала по миру. 
 
— Что Вы делаете перед выходом на сцену для удачного выступления? 
— Я купаюсь в слезах единорогов и выпиваю горящий снег. 
 
— Почему Евровидение важно для Вас? 
— Это великолепная площадка для исполнителей и композиторов. Оно позволяет мне исполнить свою песню на неземной сцене, а также сближает меня со всеми моими прекрасными фанатами по всему миру.

#ESCparticipants@eurovisionsongcontest,-16785619,416
#Eurovision_duel@eurovisionsongcontest: Slow Down или Lights and Shadows? Какая заявка от Нидерландов вам больше импонирует? #theNetherlands #Eurovision #CelebrateDiversity,-16785619,17
#Eurovision_duel@eurovisionsongcontest #Portugal 
2016 - 11 : 15 - 2017 
 
В португальской дуэли победу одерживает конкурсная песня 2015 года - 'Há Um Mar Que Nos Separa'! #Eurovision #CelebrateDiversity,-16785619,23
Конкурсанты сажают деревья в Израиле!,-16785619,5
#Eurovision_duel@eurovisionsongcontest: Чья песня вам нравится больше? Leonor Andrade или Salvador Sobral? Время сделать выбор! #Portugal #Eurovision #CelebrateDiversity,-16785619,17
#Eurovision_duel@eurovisionsongcontest #Albania 
2016 - 10 : 15 - 2017
 
По мнению большинства участников нашего сообщества в албанской дуэли победителем становится Lindita с песней 'World'. #Eurovision #CelebrateDiversity,-16785619,23
#Eurovision_duel@eurovisionsongcontest: Настало время Албании: Fairytale или World? Делайте выбор! #Albania #Eurovision #CelebrateDiversity,-16785619,12
#Eurovision_duel@eurovisionsongcontest #Belarus 
2016 - 10 : 14 - 2017 
 
Песней-победительницей в дуэли Беларуси становится 'Story Of My Life'! #Eurovision #CelebrateDiversity,-16785619,17
У Вас есть вопрос для одного из 35-ти участников, которые выступят на пре-пати в Амстердаме? Задайте его в Твиттере с хэштегом #AskESC! Вечеринка состоится уже сегодня!

Участники:
Albania - Lindita – World 
Armenia – Artsvik – Fly With Me 
Austria - Nathan Trent – Running On Air 
Azerbaijan - Dihaj - Skeletons 
Belarus – Naviband – Story Of My Life 
Belgium – Blanche – City Lights 
Bulgaria - Kristian Kostov – Beautiful Mess 
Cyprus – Hovig - Gravity 
Czech Republic - Martina Bárta – My Turn 
Denmark – Anja – Where I Am 
Finland - Norma John – Blackbird 
France – Alma – Requiem 
Georgia - Tamara Gachechiladze – Keep The Faith 
Germany – Levina – Perfect Life 
Hungary - Joci Pápai – Origo 
Ireland - Brendan Murray - Dying To Try 
Israel – IMRI – I Feel Alive 
Italy - Francesco Gabbani – Occidentali’s Karma 
Lithuania – Fusedmarc – Rain Of Revolution 
FYR Macedonia - Jana Burčeska – Dance Alone 
Malta - Claudia Faniello – Breathlessly 
Moldova - Sunstroke Project – Hey Mamma 
Montenegro – Slavko – Space 
The Netherlands - OG3NE – Lights And Shadows 
Norway – Jowst – Grab The Moment 
Poland – Kasia Mós – Flashlight 
Romania - Ilinca & Alex – Yodel It! 
San Marino - Valentina Monetta & Jimmie Wilson – Spirit Of The Night 
Serbia – Tijana Bogićević - In Too Deep 
Slovenia - Omar Naber – On My Way 
Spain - Manel Navarro – Do It For Your Lover 
Sweden – Robin Bengtsson – I Can’t Go On 
Switzerland – Timebelle – Apollo 
Ukraine - O. Torvald - Time 
United Kingdom - Lucie Jones – Never Give Up On You,-16785619,206
Официальный клип на конкурсную песню Болгарии теперь и на канале Евровидения. Что Вы думаете о заявке Кристиана Костова?,-16785619,18
МОЛДОВА: Группа Sunstroke Project была образована в 2008. Ребята уже представляли Молдову на Евровидении в 2010 году с Олей Тирой и теперь возвращаются на конкурс с песней Hey Mamma!

Коллектив Sunstroke Project пишет танцевальную музыку с узнаваемым звучанием скрипки и саксофона. В 2010 году группа представила свою страну на Евровидении вместе с Олей Тирой и песней Run Away, после чего саксофонист коллектива Сергей Степанов стал сенсацией на YouTube и известным как Epic Sax Guy. Видео с ним стало вирусным и набрало миллионы просмотров.

В июле 2012 года молдавские исполнители Sunstroke Project и Boris Coval были награждены 13-ю золотыми и четырьмя серебряными медалями на международном конкурсе World Star (Мировая Звезда) в Голливуде. В августе 2015 года группа создала свой музыкальный лейбл Ragoza Music и выпустила песню Not Giving It Up (Не Сдаюсь). Недавно коллектив завершил работу над своим вторым альбомом и выпустил первую песню на русском языке "Мария Хуана". Sunstroke Project также успешно гастролируют по всему миру и занимают высокие позиции в радио-чартах.

— Что самое интересное в Вашей заявке?
— Мы изменили свой стиль, готовим интересную хореографию и графику и просто веселимся! Наше выступление выглядит как небольшая свадьба на сцене.

— Назовите несколько впечатляющих фактов о себе.
— Мы первая группа в мире, которая соединяет звучание классической скрипки, джаз-саксофона с вокалом. Мы чемпионы мира по искусству и самые веселые люди на планете!

— Что Вы делаете перед выходом на сцену для удачного выступления?
— Честно говоря, мы не очень-то суеверны. Для нас главное собраться с мыслями и подготовиться к выступлению.

— Почему Евровидение важно для Вас?
— Оно очень важно для нас, т.к. наша карьера началась после участия на Евровидении 2010. Это уникальная возможность не только поделиться своим творчеством, но также принять участие в одном из ярчайших музыкальных событий года.

#ESCparticipants@eurovisionsongcontest,-16785619,283
#Eurovision_duel@eurovisionsongcontest: Стартует дуэль между песнями Беларуси! Help You Fly или Story Of My Life? #Belarus #Eurovision #CelebrateDiversity,-16785619,17
#Eurovision_duel@eurovisionsongcontest #Lithuania 
2016 - 10 : 13 - 2017 
 
В литовской дуэли победу одерживает конкурсная песня 2016 года - 'I‘ve Been Waiting for This Night'! #Eurovision #CelebrateDiversity,-16785619,23
БЕЛАРУСЬ: Артем Лукьяненько и Ксения Жук в составе коллектива под названием NaviBand представят Беларусь с песней "Гiсторыя Майго Жыцця" на предстоящем Евровидении в Киеве.

Артем (24 года) — журналист, профессионально играет на гитаре и пианино. Ксения (25 лет) — вокалистка. NaviBand выступает с 2013 года, и уже в 2014-ом ребята получили свою первую награду за сингл "Абдымi Мяне" в Национальной музыкальной премии, который победил в номинации "Лучшая песня на белорусском языке". 

NaviBand записали 3 альбома и путешествовали с гастролями по Центральной и Восточной Европе. В прошлом году исполнители представили официальный гимн национальной сборной Беларуси по футболу "Наперад, Белакрылыя!" В этом году NaviBand одержали победу на национальном отборе страны на Евровидение, и впервые за историю конкурса от Беларуси прозвучит песня на белорусском языке.

— Что самое интересное в Вашей заявке?
— Впервые за историю Евровидения прозвучит песня на белорусском языке. В этом году нашей нации исполняется 800 лет. Для нас это символично и важно, потому что мы хотим рассказать историю нашей страны, нашей культуры и традиций с помощью своей песни. Белорусский город Полоцк является географическим центром Европы.

— Вы делаете что-либо перед выходом на сцену для удачного выступления?
— Мы сами талисманы друг для друга.

— Почему Евровидение важно для Вас?
— Мы молодые музыканты, нашей группе всего три года. Мы поем на своем родном языке. И все, чего мы хотим, — за эти три минуты поделиться с Европой своим языком. 

#ESCparticipants@eurovisionsongcontest,-16785619,222
Познакомьтесь поближе с участниками из Беларуси, Австрии и Словении, посмотрев их профильные видео!,-16785619,13
,-16785619,0
,-16785619,0
#Eurovision_duel@eurovisionsongcontest: I‘ve Been Waiting for This Night или Rain Of Revolution? Какая заявка от Литвы вам больше импонирует? #Lithuania #Eurovision #CelebrateDiversity,-16785619,21
#Eurovision_duel@eurovisionsongcontest #Spain 
2016 - 9 : 13 - 2017 
 
По мнению большинства участников нашего сообщества в испанской дуэли победителем становятся Barei с песней 'Say Yay!'. #Eurovision #CelebrateDiversity,-16785619,24
Премьера клипа на конкурсную песню Грузии!,-16785619,6
#Eurovision_duel@eurovisionsongcontest: Чья песня вам нравится больше? Barei или Manel Navarro? Время сделать выбор! #Spain #Eurovision #CelebrateDiversity,-16785619,16
#Eurovision_duel@eurovisionsongcontest #Italy 
2016 - 8 : 13 - 2017 
 
Песней-победительницей в дуэли Италии становится 'Occidentali's Karma'! #Eurovision #CelebrateDiversity,-16785619,15
Насколько хорошо наши участники знают украинский язык?,-16785619,7
#Eurovision_duel@eurovisionsongcontest: Настало время Италии: No Degree of Separation или Occidentali's Karma? Делайте выбор! #Italy #Eurovision #CelebrateDiversity,-16785619,16
#Eurovision_duel@eurovisionsongcontest #Georgia 
2016 - 8 : 12 - 2017 
 
В грузинской дуэли победу одерживает конкурсная песня 2017 года - 'Keep The Faith'! #Eurovision #CelebrateDiversity,-16785619,20
Поппури из песен Евровидения от испанского участника Манеля Наварро!,-16785619,9
Премьера клипа на хорватскую заявку!,-16785619,5
Операторы также как и исполнители, танцоры и бэк-вокалисты задействованы в номерах. Давайте посмотрим как это происходит!,-16785619,16
#Eurovision_duel@eurovisionsongcontest: Стартует дуэль между песнями Грузии! Midnight Gold или Keep The Faith?? #Georgia #Eurovision #CelebrateDiversity,-16785619,15
#Eurovision_duel@eurovisionsongcontest #Finland 
2016 - 8 : 11 - 2017 
 
По мнению большинства участников нашего сообщества в финляндской дуэли победителями становятся Norma John с песней 'Blackbird'. #Eurovision #CelebrateDiversity,-16785619,24
Вчера в Лондоне состоялась ежегодная вечеринка, в которой приняли участие представители 21 страны! Небольшое видео о том, как это было:,-16785619,20
ПОРТУГАЛИЯ: Salvador Sobral (Салвадор Собрал) — певец, которому удается своим исполнением донести до слушателя уникальную музыкальную чувствительность и магнетизм. Он представит Португалию в Киеве с песней "Amar Pelos Dois", написанной своей сестрой Луизой.

Салвадор Собрал изучал психологию, но его непреодолимая страсть к музыке взяла верх, и теперь он является одним из многообещающих исполнителей на португальской и испанской сцене. В то время, когда певец жил в США и Барселоне, где учился в престижной школе Taller de Musics, он занимался несколькими музыкальными проектами: сочинял для себя музыку, а также создавал смелые выступления, вдохновившись Chet Baker, писал в стиле босса-нова, а некоторые песни Салвадора получили сестринства в университетах Латинской Америки. 

Салвадор безупречно владеет своим голосом, а также обладает магнетизмом, с помощью которого покоряет людей, выступая на сцене. Все эти достоинства были оценены не только прессой, коллегами, но, в первую очередь, публикой. Дебютный альбом Excuse Me (2016) был выпущен в сотрудничестве с Júlio Resende и Leonardo Aldrey.

— Что самое интересное в Вашей заявке?
— Простота, эмоциональность и спонтанность.

— Назовите несколько впечатляющих фактов о себе. 
— Я честный, искренний и эмоциональный.

— Что Вы делаете перед выходом на сцену для удачного выступления?
— Ничего особенного, я просто готовлюсь спеть от всего сердца.

— Почему Евровидение важно для Вас?
— Оно пойдет на пользу моей карьере, люди из других стран смогут познакомиться с моим творчеством.

#ESCparticipants@eurovisionsongcontest,-16785619,213
Премьера клипа представителя Словении на конкурсную композицию!,-16785619,7
#Eurovision_duel@eurovisionsongcontest: Sing It Away или Blackbird? Какая заявка от Финляндии вам больше импонирует? #Finland #Eurovision #CelebrateDiversity,-16785619,16
#Eurovision_duel@eurovisionsongcontest #Croatia 
2016 - 8 : 10 - 2017 
 
Песней-победительницей в дуэли Хорватии становится 'Lighthouse'! #Eurovision #CelebrateDiversity,-16785619,14
ЧЕРНОГОРИЯ: Slavko Kalezić (Славко Калезич) родился 4 октября 1985 года в Подгорице, Черногория. Высшее образование исполнитель получил в 2007 году, проучившись три года на факультете драматического искусства в Черногории. Его специализацией было пение и танцы, а в 2009 году Славко совершенствовал свои движения на мастер-классе по актерскому мастерству. 

С 2008 года Славко является постоянным членом актерской труппы в Национальном театре Черногории. Он ценит также и другие виды искусства и достиг успеха в области кино и телевидения. На счету исполнителя уже 30 ролей в театре, 6 фильмов и несколько телешоу. Кроме этого, Славко принял участие в Х-Факторе и выпустил свой дебютный альбом "The Dream of Eternity". Певец знает английский и итальянский языки и является вегетарианцем. 

— Что самое интересное в Вашей заявке?
— Мой вокал, концепция и главный посыл песни.

— Назовите несколько впечатляющих фактов о себе.
— Я трудолюбивый, талантливый, яркий.

— Что Вы делаете перед выходом на сцену для удачного выступления?
— У меня есть собственная мантра для такого случая, но это секрет!

— Почему Евровидение важно для Вас?
— Представлять свою страну и народ — невероятная честь. Я хочу показать миру свои вокальные способности и рассказать о своей миссии в жизни. Мы можем быть едины. Все дело в сильной и позитивной энергии!

#ESCparticipants@eurovisionsongcontest,-16785619,196
Сегодня в 20:00 МСК состоится десятая евровизионная вечеринка в Лондоне!

Участники:
Albania - Lindita – World 
Austria - Nathan Trent – Running On Air 
Belgium – Blanche – City Lights 
Bulgaria - Kristian Kostov – Beautiful Mess 
Czech Republic - Martina Bárta – My Turn 
Denmark – Anja – Where I Am 
France – Alma – Requiem 
Germany – Levina – Perfect Life 
Finland - Norma John – Blackbird 
Italy - Francesco Gabbani – Occidentali’s Karma 
Latvia - Triana Park - Line 
Malta - Claudia Faniello – Breathlessly 
FYR Macedonia - Jana Burčeska – Dance Alone 
Montenegro – Slavko – Space 
Norway – Jowst – Grab The Moment 
Poland – Kasia Mós – Flashlight 
Romania - Ilinca & Alex – Yodel It! 
Slovenia - Omar Naber – On My Way 
Spain - Manel Navarro – Do It For Your Lover 
Sweden – Robin Bengtsson – I Can’t Go On 
Ukraine - O. Torvald - Time 
United Kingdom - Lucie Jones – Never Give Up On You 

Кроме этого, выступят также: 
 
Linda Martin (победительница Евровидения 1992 из Ирландии) 
Ruslana (победительница Евровидения 2004 из Украины) 
Conchita (победительница Евровидения 2014 из Австрии) 
Martin Fitch (представитель Польши на Евровидении 2010 и участник национального отбора 2017),-16785619,156
Узнайте больше о Натане Тренте из Австрии!,-16785619,7
#Eurovision_duel@eurovisionsongcontest: Чья песня вам нравится больше? Nina Kraljic или Jacques Houdek'a? Время сделать выбор! #Croatia #Eurovision #CelebrateDiversity,-16785619,17
#Eurovision_duel@eurovisionsongcontest #Romania 
2016 - 7 : 10 - 2017 
 
В румынской дуэли победу одерживает конкурсная песня 2017 года - 'Yodel It!'! #Eurovision #CelebrateDiversity,-16785619,19
Чехия: "Почему Вы выбрали именно эту песню для Евровидения? Каков её посыл?"

Беларусь: "Когда Артем написал эту песню, мы поняли: это оно! Она соответствует слогану конкурса "Приветствуйте разнообразие". Весёлая, позитивная, эта песня о нас самих. И все люди могут петь "Хэй хэй хай я я яо" вместе с нами! Вопрос: что Вы знаете о Беларуси?"

Латвия: "Первая вещь, которая пришла нам в голову, — это велосипед "Минск". Я думаю, их производили где-то в 1950-е годы после войны, и все их приобретали, это круто! Вопрос: какое у Вас любимое блюдо?"

Норвегия: "Тако". "Ой, сложно сказать, я люблю столько всего. Но я думаю, самое любимое блюдо — это пицца".,-16785619,105
#Eurovision_duel@eurovisionsongcontest: Настало время Румынии: De La Capat/ All Over Again или Yodel It!? Делайте выбор! #Romania #Eurovision #CelebrateDiversity,-16785619,18
#Eurovision_duel@eurovisionsongcontest #Israel 
2016 - 7 : 9 - 2017 
 
По мнению большинства участников нашего сообщества в израильской дуэли победителем становится IMRI с песней 'I Feel Alive'. #Eurovision #CelebrateDiversity,-16785619,25
Стала известна жеребьёвка полуфиналов Евровидения 2017!

Первый полуфинал:
1. Швеция
2. Грузия
3. Австралия 
4. Албания
5. Бельгия
6. Черногория
7. Финляндия
8. Азербайджан
9. Португалия
10. Греция
11. Польша
12. Молдова
13. Исландия
14. Чехия
15. Кипр
16. Армения
17. Словения
18. Латвия

Второй полуфинал:
1. Сербия
2. Австрия
3. Россия
4. Македония 
5. Мальта
6. Румыния
7. Нидерланды
8. Венгрия
9. Дания
10. Ирландия
11. Сан Марино
12. Хорватия
13. Норвегия
14. Швейцария
15. Беларусь
16. Болгария
17. Литва
18. Эстония
19. Израиль

Именно в таком порядке выступят участники конкурса!,-16785619,92
Спикер конкурса Павел Шилько рассказал о своей карьере на Евровидении и заверил гостей предстоящего конкурса, что Евровидение в Украине будет лучшим!,-16785619,21
#Eurovision_duel@eurovisionsongcontest: Стартует дуэль между песнями Израиля! Made of Stars или I Feel Alive? #Israel #Eurovision #CelebrateDiversity,-16785619,16
#Eurovision_duel@eurovisionsongcontest #Ireland 
2016 - 7 : 8 - 2017 
 
Песней-победительницей в дуэли Ирландии становится 'Dying To Try'! #Eurovision #CelebrateDiversity,-16785619,16
Участники пре-пати в Риге назвали свои любимые песни с Евровидения! А какая любимая песня с Евровидения у вас?,-16785619,18
Тамара Гачечиладзе, на недавнем концерте в Грузии, исполнила обновленную версию своей конкурсной песни "Keep The Faith".,-16785619,16
#Eurovision_duel@eurovisionsongcontest: Sunlight или Dying To Try? Какая заявка от Ирландии вам больше импонирует? #Ireland #Eurovision #CelebrateDiversity,-16785619,16
#Eurovision_duel@eurovisionsongcontest #Serbia 
2016 - 7 : 7 - 2017 
 
В сербской дуэли победу одерживает конкурсная песня 2016 года - 'Goodbye (Shelter)'! #Eurovision #CelebrateDiversity,-16785619,19
#Eurovision_duel@eurovisionsongcontest: Чья песня вам нравится больше? Sanja Vučić ZAA или Tijana Bogićević? Время сделать выбор! #Serbia #Eurovision #CelebrateDiversity,-16785619,18
#Eurovision_duel@eurovisionsongcontest #Belgium 
2016 - 6 : 7 - 2017 
 
По мнению большинства участников нашего сообщества в бельгийской дуэли победительницей становится Blanche с песней 'City Lights'. #Eurovision #CelebrateDiversity,-16785619,24
#Eurovision_duel@eurovisionsongcontest: Настало время Бельгии: What's the Pressure или City Lights? Делайте выбор! #Belgium #Eurovision #CelebrateDiversity,-16785619,15
#Eurovision_duel@eurovisionsongcontest #Estonia 
2016 - 6 : 6 - 2017 
 
В эстонской дуэли победу одерживает конкурсная песня 2016 года - 'Play'! #Eurovision #CelebrateDiversity,-16785619,18
На рижской пре-пати участников спросили, что они бы точно положили в свой чемодан:,-16785619,13
ФИНЛЯНДИЯ: Norma John — инди-дуэт двух друзей по имени Lasse и Leena, представляющий Финляндию на Евровидении 2017 со своей композицией "Blackbird". 

Их музыка кинематографична, визуальна, наполнена скандинавской грубой красотой. Lasse и Leena — музыкальные родственные души, обладающие причудливым чувством юмора. В январе ребята приняли участие в национальном отборе страны (UMK), где одержали уверенную победу с песней Blackbird, и теперь дуэт является 51-ым финским участником Евровидения за историю конкурса.

— Что самое интересное в Вашей заявке?
— Мы сами пишем себе песни. Мы инди-поп группа и работаем вместе уже 15 лет.

— Что Вы делаете перед выходом на сцену для удачного выступления?
— Ничего особенного. Мы просто стараемся успокоиться и не волноваться!

— Почему Евровидение важно для Вас?
— Это большая честь представлять Финляндию. Евровидение — это прекрасный конкурс, так как оно объединяет разные страны и стирает границы с помощью силы музыки!

#ESCparticipants@eurovisionsongcontest,-16785619,133
#Eurovision_duel@eurovisionsongcontest: Стартует дуэль между песнями Эстонии! Play или Verona? #Estonia #Eurovision #CelebrateDiversity,-16785619,12
#Eurovision_duel@eurovisionsongcontest #UnitedKingdom 
2016 - 5 : 6 - 2017 
 
Песней-победительницей в дуэли Великобритании становится 'Never Give Up On You'! #Eurovision #CelebrateDiversity,-16785619,18
ШВЕЦИЯ: Robin Bengtsson — певец, композитор, победитель Мелодифестивалена 2017 и представитель Швеции на предстоящем Евровидении с песней "I Can't Go On". 

В возрасте 13-ти лет Робин начал играть на гитаре, а перед этим много лет уже играл на трубе. В 2008 году, когда ему было 17, Робин решил попробовать свои силы в шведском шоу "Idol", где поразил жюри своим душевным и зрелым голосом. Все согласились в том, что в голосе и личности Робина есть нечто особенное! С тех пор он гастролировал со своей группой, писал музыку, выпустил пару синглов и получил много опыта.

В 2016 году певец достиг большого успеха с песней "Constellation Prize", с которой занял 5-е место на Мелодифестивалене. Данная композиция дважды завоевала платину. В этом году Робину удалось одержать победу на Мелодифестивалене и теперь он представит свою страну в Киеве!

— Что самое интересное в Вашей заявке?
— Прекрасная песня, крутой номер и опытные авторы: один — бывший победитель Мелодифестивалена в качестве исполнителя и два других в качестве композиторов.

— Назовите несколько впечатляющих фактов о себе.
— Бывший гонщик мотокросса. Отец. Люблю заниматься различными активными видами спорта.

— Что Вы делаете перед выходом на сцену для удачного выступления?
— Не много. Все приготовления происходят заранее, поэтому главное — это сконцентрироваться. 

— Почему Евровидение важно для Вас?
— Я смотрю Евровидение с детства, так что оно всегда было моей мечтой. Будет также здорово встретить людей из разных уголков Европы в одном месте! 

#ESCparticipants@eurovisionsongcontest,-16785619,224
#Eurovision_duel@eurovisionsongcontest: You're Not Alone или Never Give Up On You? Какая заявка от Великобритании вам больше импонирует? #UnitedKingdom #Eurovision #CelebrateDiversity,-16785619,20
#Eurovision_duel@eurovisionsongcontest #CzechRepublic 
2016 - 5 : 5 - 2017 
 
В чешской дуэли победу одерживает конкурсная песня 2016 года - 'I Stand'! #Eurovision #CelebrateDiversity,-16785619,19
